id,warehouse,date,orders,orders_2,orders_3,forecast,ensemble,ensemble_2
Brno_1_2024-03-16,Brno_1,2024-03-16,9182.302734375,9472.541015625,9258.8212890625,9393.029,9326.673583984375,9220.56201171875
Brno_1_2024-03-17,Brno_1,2024-03-17,8187.7001953125,8340.39453125,8234.978515625,8406.013,8292.271484375,8211.33935546875
Brno_1_2024-03-18,Brno_1,2024-03-18,8227.4775390625,8328.23828125,8302.09375,8246.626,8276.10888671875,8264.78564453125
Brno_1_2024-03-19,Brno_1,2024-03-19,8358.4560546875,8583.4267578125,8469.1513671875,8467.952,8469.74658203125,8413.8037109375
Brno_1_2024-03-20,Brno_1,2024-03-20,8444.3369140625,8671.654296875,8496.5283203125,8446.275,8514.69873046875,8470.4326171875
Brno_1_2024-03-21,Brno_1,2024-03-21,8530.3837890625,8850.5078125,8613.25,8699.512,8673.413330078125,8571.81689453125
Brno_1_2024-03-22,Brno_1,2024-03-22,10442.5302734375,10602.7490234375,10393.197265625,10230.899,10417.343994140625,10417.86376953125
Brno_1_2024-03-23,Brno_1,2024-03-23,9365.017578125,9462.064453125,9380.572265625,9288.755,9374.102294921875,9372.794921875
Brno_1_2024-03-24,Brno_1,2024-03-24,8273.330078125,8292.6259765625,8215.3935546875,8214.873,8249.0556640625,8244.36181640625
Brno_1_2024-03-25,Brno_1,2024-03-25,8183.533203125,8367.6123046875,8194.701171875,8027.927,8193.443359375,8189.1171875
Brno_1_2024-03-26,Brno_1,2024-03-26,8334.8359375,8404.0419921875,8381.2548828125,8218.963,8334.77392578125,8358.04541015625
Brno_1_2024-03-27,Brno_1,2024-03-27,8512.9931640625,8601.357421875,8659.8603515625,8176.177,8487.596923828125,8586.4267578125
Brno_1_2024-03-28,Brno_1,2024-03-28,8527.6923828125,8631.140625,8643.9921875,8446.682,8562.376708984375,8585.84228515625
Brno_1_2024-03-29,Brno_1,2024-03-29,10359.04296875,10354.1162109375,10310.234375,9887.901,10227.82373046875,10334.638671875
Brno_1_2024-03-30,Brno_1,2024-03-30,9553.486328125,9239.048828125,9454.6865234375,9010.719,9314.485107421875,9504.08642578125
Brno_1_2024-03-31,Brno_1,2024-03-31,8337.8544921875,8178.3515625,8383.466796875,8091.213,8247.721435546875,8360.66064453125
Brno_1_2024-04-01,Brno_1,2024-04-01,8063.19482421875,8158.4208984375,8278.609375,7100.556,7900.1953125,8170.902099609375
Brno_1_2024-04-02,Brno_1,2024-04-02,8295.966796875,8222.986328125,8422.1904296875,8136.094,8269.309448242188,8359.07861328125
Brno_1_2024-04-03,Brno_1,2024-04-03,8564.990234375,8357.48828125,8712.177734375,8201.291,8458.98681640625,8638.583984375
Brno_1_2024-04-04,Brno_1,2024-04-04,9078.841796875,8578.70703125,9117.6865234375,8654.306,8857.38525390625,9098.26416015625
Brno_1_2024-04-05,Brno_1,2024-04-05,10435.375,10381.8564453125,10389.6279296875,10228.407,10358.816650390625,10412.50146484375
Brno_1_2024-04-06,Brno_1,2024-04-06,9399.6953125,9163.68359375,9497.30078125,9228.503,9322.295654296875,9448.498046875
Brno_1_2024-04-07,Brno_1,2024-04-07,8225.9365234375,8345.63671875,8412.439453125,8257.764,8310.444091796875,8319.18798828125
Brno_1_2024-04-08,Brno_1,2024-04-08,8252.9384765625,8311.970703125,8459.8798828125,8172.3506,8299.284912109375,8356.4091796875
Brno_1_2024-04-09,Brno_1,2024-04-09,8118.45263671875,8403.6650390625,8474.5830078125,8452.167,8362.216918945312,8296.517822265625
Brno_1_2024-04-10,Brno_1,2024-04-10,8483.9794921875,8769.767578125,8786.015625,8471.924,8627.921630859375,8634.99755859375
Brno_1_2024-04-11,Brno_1,2024-04-11,8735.9921875,8819.9052734375,8846.7451171875,8733.325,8783.991943359375,8791.36865234375
Brno_1_2024-04-12,Brno_1,2024-04-12,10439.6005859375,10581.646484375,10476.1328125,10259.697,10439.269287109375,10457.86669921875
Brno_1_2024-04-13,Brno_1,2024-04-13,9398.21484375,9282.607421875,9390.3330078125,9238.761,9327.47900390625,9394.27392578125
Brno_1_2024-04-14,Brno_1,2024-04-14,8737.880859375,8412.8505859375,8712.568359375,8322.917,8546.55419921875,8725.224609375
Brno_1_2024-04-15,Brno_1,2024-04-15,8533.2666015625,8598.884765625,8537.5751953125,8219.501,8472.306884765625,8535.4208984375
Brno_1_2024-04-16,Brno_1,2024-04-16,8492.6806640625,8742.4912109375,8641.8125,8446.159,8580.785888671875,8567.24658203125
Brno_1_2024-04-17,Brno_1,2024-04-17,8689.6875,8779.2568359375,8706.76953125,8443.779,8654.873291015625,8698.228515625
Brno_1_2024-04-18,Brno_1,2024-04-18,8742.15625,8812.9345703125,8846.3828125,8575.642,8744.27880859375,8794.26953125
Brno_1_2024-04-19,Brno_1,2024-04-19,10538.138671875,10607.072265625,10566.728515625,10095.449,10451.84716796875,10552.43359375
Brno_1_2024-04-20,Brno_1,2024-04-20,9358.38671875,9227.685546875,9380.46875,9116.195,9270.68408203125,9369.427734375
Brno_1_2024-04-21,Brno_1,2024-04-21,8380.232421875,8348.7236328125,8365.4873046875,8197.27,8322.92822265625,8372.85986328125
Brno_1_2024-04-22,Brno_1,2024-04-22,8466.6005859375,8369.6640625,8405.220703125,8122.286,8340.94287109375,8435.91064453125
Brno_1_2024-04-23,Brno_1,2024-04-23,8600.42578125,8538.37109375,8637.203125,8383.613,8539.9033203125,8618.814453125
Brno_1_2024-04-24,Brno_1,2024-04-24,8594.0576171875,8649.01953125,8652.181640625,8288.353,8545.90283203125,8623.11962890625
Brno_1_2024-04-25,Brno_1,2024-04-25,8594.083984375,8714.04296875,8679.271484375,8441.225,8607.15576171875,8636.677734375
Brno_1_2024-04-26,Brno_1,2024-04-26,10448.51171875,10459.1572265625,10482.458984375,9982.083,10343.052734375,10465.4853515625
Brno_1_2024-04-27,Brno_1,2024-04-27,9459.4521484375,9231.4130859375,9490.3193359375,8984.811,9291.498779296875,9474.8857421875
Brno_1_2024-04-28,Brno_1,2024-04-28,8334.90625,8347.0478515625,8389.3388671875,8029.035,8275.08203125,8362.12255859375
Brno_1_2024-04-29,Brno_1,2024-04-29,8325.14453125,8330.6943359375,8345.0322265625,7891.4653,8223.084106445312,8335.08837890625
Brno_1_2024-04-30,Brno_1,2024-04-30,8032.2158203125,8419.912109375,8231.53515625,8141.948,8206.40283203125,8131.87548828125
Brno_1_2024-05-01,Brno_1,2024-05-01,8115.98486328125,8278.8603515625,8342.69140625,7542.0483,8069.896240234375,8229.338134765625
Brno_1_2024-05-02,Brno_1,2024-05-02,8405.2587890625,8520.30859375,8566.1337890625,8381.919,8468.405029296875,8485.6962890625
Brno_1_2024-05-03,Brno_1,2024-05-03,10260.76171875,10370.2900390625,10371.3486328125,10046.881,10262.3203125,10316.05517578125
Brno_1_2024-05-04,Brno_1,2024-05-04,9261.51953125,9155.2431640625,9354.3720703125,9046.011,9204.286376953125,9307.94580078125
Brno_1_2024-05-05,Brno_1,2024-05-05,8247.2421875,8332.5732421875,8200.458984375,8123.3325,8225.901733398438,8223.8505859375
Brno_1_2024-05-06,Brno_1,2024-05-06,8317.2705078125,8352.548828125,8257.3203125,7766.234,8173.3433837890625,8287.29541015625
Brno_1_2024-05-07,Brno_1,2024-05-07,8809.67578125,8521.4560546875,8694.3076171875,8181.5435,8551.745727539062,8751.99169921875
Brno_1_2024-05-08,Brno_1,2024-05-08,8568.7783203125,8706.251953125,8814.0693359375,8655.941,8686.26025390625,8691.423828125
Brno_1_2024-05-09,Brno_1,2024-05-09,8860.77734375,8874.4521484375,8803.1494140625,8582.409,8780.197021484375,8831.96337890625
Brno_1_2024-05-10,Brno_1,2024-05-10,10454.5810546875,10585.84375,10543.0556640625,10115.162,10424.66064453125,10498.818359375
Brno_1_2024-05-11,Brno_1,2024-05-11,9412.974609375,9280.8388671875,9505.6376953125,9134.739,9333.547607421875,9459.30615234375
Brno_1_2024-05-12,Brno_1,2024-05-12,8556.314453125,8387.8037109375,8705.6943359375,8227.238,8469.2626953125,8631.00439453125
Brno_1_2024-05-13,Brno_1,2024-05-13,8555.3564453125,8589.3046875,8572.1796875,8151.211,8467.012939453125,8563.76806640625
Brno_1_2024-05-14,Brno_1,2024-05-14,8673.1279296875,8702.935546875,8726.6162109375,8412.537,8628.80419921875,8699.8720703125
Brno_1_2024-05-15,Brno_1,2024-05-15,8736.701171875,8778.931640625,8753.5615234375,8413.897,8670.77294921875,8745.13134765625
Budapest_1_2024-03-16,Budapest_1,2024-03-16,7869.2353515625,7670.10986328125,7686.0927734375,7190.505,7603.9857177734375,7777.6640625
Budapest_1_2024-03-17,Budapest_1,2024-03-17,7703.08837890625,7488.8193359375,7534.46142578125,6588.552,7328.730224609375,7618.77490234375
Budapest_1_2024-03-18,Budapest_1,2024-03-18,7423.14306640625,7136.50390625,7296.875,6614.755,7117.8192138671875,7360.009033203125
Budapest_1_2024-03-19,Budapest_1,2024-03-19,7287.76220703125,6808.81103515625,6920.8515625,6601.2305,6904.663818359375,7104.306884765625
Budapest_1_2024-03-20,Budapest_1,2024-03-20,7306.7685546875,7030.59375,6983.953125,6584.7925,6976.5269775390625,7145.36083984375
Budapest_1_2024-03-21,Budapest_1,2024-03-21,7359.3564453125,7384.2939453125,6988.9716796875,6858.2124,7147.7086181640625,7174.1640625
Budapest_1_2024-03-22,Budapest_1,2024-03-22,7629.90673828125,7754.224609375,7370.12646484375,7257.993,7503.062744140625,7500.0166015625
Budapest_1_2024-03-23,Budapest_1,2024-03-23,7475.29248046875,7718.84619140625,7088.26416015625,7038.6387,7330.2603759765625,7281.7783203125
Budapest_1_2024-03-24,Budapest_1,2024-03-24,7296.06201171875,7426.61962890625,6963.765625,6486.2036,7043.1627197265625,7129.913818359375
Budapest_1_2024-03-25,Budapest_1,2024-03-25,7239.3671875,7099.49609375,6988.8740234375,6573.867,6975.401123046875,7114.12060546875
Budapest_1_2024-03-26,Budapest_1,2024-03-26,7118.74462890625,6890.76220703125,6628.67822265625,6578.796,6804.2452392578125,6873.71142578125
Budapest_1_2024-03-27,Budapest_1,2024-03-27,7223.0498046875,6982.72314453125,6919.904296875,6566.818,6923.123779296875,7071.47705078125
Budapest_1_2024-03-28,Budapest_1,2024-03-28,7573.4365234375,7524.68310546875,7310.93603515625,7289.605,7424.6651611328125,7442.186279296875
Budapest_1_2024-03-30,Budapest_1,2024-03-30,7421.38427734375,7739.828125,7220.37060546875,7383.098,7441.1702880859375,7320.87744140625
Budapest_1_2024-04-02,Budapest_1,2024-04-02,7368.126953125,7351.62548828125,6960.9111328125,7237.6025,7229.5665283203125,7164.51904296875
Budapest_1_2024-04-03,Budapest_1,2024-04-03,7424.30224609375,7353.07666015625,7047.3427734375,7225.31,7262.5079345703125,7235.822509765625
Budapest_1_2024-04-04,Budapest_1,2024-04-04,7603.35107421875,7631.0791015625,7327.072265625,7397.459,7489.7403564453125,7465.211669921875
Budapest_1_2024-04-05,Budapest_1,2024-04-05,8065.095703125,8121.52197265625,7736.6103515625,7662.917,7896.5362548828125,7900.85302734375
Budapest_1_2024-04-06,Budapest_1,2024-04-06,8069.0390625,7946.013671875,7882.83837890625,7566.1973,7866.0220947265625,7975.938720703125
Budapest_1_2024-04-07,Budapest_1,2024-04-07,7660.27490234375,7785.900390625,7407.15966796875,7088.4033,7485.4345703125,7533.71728515625
Budapest_1_2024-04-08,Budapest_1,2024-04-08,7769.46875,7451.484375,7467.75244140625,6665.8765,7338.6455078125,7618.610595703125
Budapest_1_2024-04-09,Budapest_1,2024-04-09,7485.57275390625,7178.6328125,7227.30126953125,6710.801,7150.576904296875,7356.43701171875
Budapest_1_2024-04-10,Budapest_1,2024-04-10,7479.52294921875,7060.95068359375,7195.59033203125,6723.4014,7114.8663330078125,7337.556640625
Budapest_1_2024-04-11,Budapest_1,2024-04-11,7761.05419921875,7377.83642578125,7591.8798828125,6937.007,7416.9443359375,7676.467041015625
Budapest_1_2024-04-12,Budapest_1,2024-04-12,7764.02197265625,7677.64501953125,7772.447265625,7350.905,7641.2547607421875,7768.234619140625
Budapest_1_2024-04-13,Budapest_1,2024-04-13,7702.3466796875,7703.1259765625,7631.87353515625,7104.3066,7535.4132080078125,7667.110107421875
Budapest_1_2024-04-14,Budapest_1,2024-04-14,7719.50244140625,7491.84765625,7595.42138671875,6538.768,7336.3848876953125,7657.4619140625
Budapest_1_2024-04-15,Budapest_1,2024-04-15,7531.75927734375,7090.728515625,7520.8603515625,6607.5884,7187.734130859375,7526.309814453125
Budapest_1_2024-04-16,Budapest_1,2024-04-16,7276.03369140625,6877.158203125,7329.30224609375,6641.905,7031.0997314453125,7302.66796875
Budapest_1_2024-04-17,Budapest_1,2024-04-17,7369.98876953125,7024.16015625,7078.30322265625,6610.381,7020.708251953125,7224.14599609375
Budapest_1_2024-04-18,Budapest_1,2024-04-18,7394.05810546875,7334.9521484375,7162.54833984375,6830.545,7180.52587890625,7278.30322265625
Budapest_1_2024-04-19,Budapest_1,2024-04-19,7567.93896484375,7636.10791015625,7366.1220703125,7229.3945,7449.890869140625,7467.030517578125
Budapest_1_2024-04-20,Budapest_1,2024-04-20,7458.12646484375,7660.5654296875,7034.59912109375,6971.768,7281.2647705078125,7246.36279296875
Budapest_1_2024-04-21,Budapest_1,2024-04-21,7360.939453125,7491.54296875,7009.17431640625,6415.2,7069.2142333984375,7185.056884765625
Budapest_1_2024-04-22,Budapest_1,2024-04-22,7223.4267578125,7144.041015625,6887.80224609375,6461.918,6929.2969970703125,7055.614501953125
Budapest_1_2024-04-23,Budapest_1,2024-04-23,6939.84033203125,7008.1611328125,6644.9326171875,6462.1094,6763.7608642578125,6792.386474609375
Budapest_1_2024-04-24,Budapest_1,2024-04-24,7176.1279296875,6933.9208984375,6943.3310546875,6461.7217,6878.775390625,7059.7294921875
Budapest_1_2024-04-25,Budapest_1,2024-04-25,7385.46240234375,7292.62841796875,7204.72314453125,6693.898,7144.177978515625,7295.0927734375
Budapest_1_2024-04-26,Budapest_1,2024-04-26,7538.6640625,7588.482421875,7384.73486328125,7185.8276,7424.42724609375,7461.699462890625
Budapest_1_2024-04-27,Budapest_1,2024-04-27,7422.25830078125,7615.89599609375,7100.37451171875,6959.6426,7274.5428466796875,7261.31640625
Budapest_1_2024-04-28,Budapest_1,2024-04-28,7356.6904296875,7386.03466796875,6926.24755859375,6384.319,7013.3228759765625,7141.468994140625
Budapest_1_2024-04-29,Budapest_1,2024-04-29,7189.9228515625,7047.05712890625,6834.6982421875,6454.6704,6881.587158203125,7012.310546875
Budapest_1_2024-04-30,Budapest_1,2024-04-30,7113.966796875,6936.01806640625,6742.10107421875,6540.344,6833.1075439453125,6928.033935546875
Budapest_1_2024-05-02,Budapest_1,2024-05-02,7450.89794921875,7371.83349609375,7297.400390625,6797.2056,7229.3343505859375,7374.149169921875
Budapest_1_2024-05-03,Budapest_1,2024-05-03,7581.5361328125,7630.3408203125,7376.11962890625,7197.231,7446.306884765625,7478.827880859375
Budapest_1_2024-05-04,Budapest_1,2024-05-04,7566.9775390625,7670.576171875,7133.26806640625,6947.7676,7329.6473388671875,7350.122802734375
Budapest_1_2024-05-05,Budapest_1,2024-05-05,7496.89208984375,7480.96630859375,6982.93896484375,6383.0664,7085.9659423828125,7239.91552734375
Budapest_1_2024-05-06,Budapest_1,2024-05-06,7391.7109375,7120.6953125,6817.2158203125,6471.124,6950.1865234375,7104.46337890625
Budapest_1_2024-05-07,Budapest_1,2024-05-07,6948.16943359375,7008.13818359375,6455.078125,6456.786,6717.04296875,6701.623779296875
Budapest_1_2024-05-08,Budapest_1,2024-05-08,7241.31591796875,7027.06640625,6674.328125,6460.74,6850.8626708984375,6957.822021484375
Budapest_1_2024-05-09,Budapest_1,2024-05-09,7451.7099609375,7361.142578125,7145.5322265625,6691.425,7162.452392578125,7298.62109375
Budapest_1_2024-05-10,Budapest_1,2024-05-10,7609.33203125,7666.87890625,7391.51513671875,7218.987,7471.67822265625,7500.423583984375
Budapest_1_2024-05-11,Budapest_1,2024-05-11,7482.56103515625,7683.150390625,7137.87158203125,6947.2363,7312.704833984375,7310.21630859375
Budapest_1_2024-05-12,Budapest_1,2024-05-12,7575.93798828125,7488.3095703125,7019.4130859375,6393.6943,7119.3387451171875,7297.675537109375
Budapest_1_2024-05-13,Budapest_1,2024-05-13,7367.455078125,7143.48095703125,6870.05029296875,6456.6074,6959.3984375,7118.752685546875
Budapest_1_2024-05-14,Budapest_1,2024-05-14,7165.83056640625,7020.46875,6759.11083984375,6475.565,6855.2437744140625,6962.470703125
Budapest_1_2024-05-15,Budapest_1,2024-05-15,7255.35302734375,7007.4033203125,6860.115234375,6480.4106,6900.820556640625,7057.734130859375
Frankfurt_1_2024-03-16,Frankfurt_1,2024-03-16,2105.5068359375,2063.1728515625,2074.343994140625,2038.6138,2070.4093627929688,2089.9254150390625
Frankfurt_1_2024-03-18,Frankfurt_1,2024-03-18,1793.33642578125,1764.4241943359375,1815.005126953125,1802.545,1793.8276977539062,1804.1707763671875
Frankfurt_1_2024-03-19,Frankfurt_1,2024-03-19,1623.1339111328125,1623.2227783203125,1640.31005859375,1583.5183,1617.5462646484375,1631.7219848632812
Frankfurt_1_2024-03-20,Frankfurt_1,2024-03-20,1644.09326171875,1586.630615234375,1624.9981689453125,1568.8794,1606.1503601074219,1634.5457153320312
Frankfurt_1_2024-03-21,Frankfurt_1,2024-03-21,1650.2943115234375,1629.04345703125,1659.2109375,1607.3047,1636.4633483886719,1654.7526245117188
Frankfurt_1_2024-03-22,Frankfurt_1,2024-03-22,1978.8082275390625,1947.681884765625,1967.8092041015625,1891.9845,1946.5709533691406,1973.3087158203125
Frankfurt_1_2024-03-23,Frankfurt_1,2024-03-23,2162.7177734375,2127.09423828125,2145.411865234375,2037.3785,2118.150604248047,2154.0648193359375
Frankfurt_1_2024-03-25,Frankfurt_1,2024-03-25,1900.1077880859375,1773.3062744140625,1869.20947265625,1780.4791,1830.7756652832031,1884.6586303710938
Frankfurt_1_2024-03-26,Frankfurt_1,2024-03-26,1616.3489990234375,1624.69970703125,1606.2613525390625,1599.8397,1611.7874450683594,1611.30517578125
Frankfurt_1_2024-03-27,Frankfurt_1,2024-03-27,1595.7772216796875,1622.6544189453125,1618.9459228515625,1592.1218,1607.3748474121094,1607.361572265625
Frankfurt_1_2024-03-28,Frankfurt_1,2024-03-28,1624.3194580078125,1640.1573486328125,1649.0369873046875,1638.0002,1637.8785095214844,1636.67822265625
Frankfurt_1_2024-03-30,Frankfurt_1,2024-03-30,2181.2734375,2140.056884765625,2130.7001953125,2043.2299,2123.8150939941406,2155.98681640625
Frankfurt_1_2024-04-02,Frankfurt_1,2024-04-02,1610.128662109375,1623.0433349609375,1628.32373046875,1654.152,1628.9119262695312,1619.2261962890625
Frankfurt_1_2024-04-03,Frankfurt_1,2024-04-03,1605.5999755859375,1623.8211669921875,1622.594970703125,1607.8551,1614.9678039550781,1614.0974731445312
Frankfurt_1_2024-04-04,Frankfurt_1,2024-04-04,1644.2545166015625,1638.43896484375,1666.913330078125,1662.5005,1653.0268249511719,1655.5839233398438
Frankfurt_1_2024-04-05,Frankfurt_1,2024-04-05,1963.453857421875,1962.4822998046875,1947.1429443359375,1890.0791,1940.78955078125,1955.2984008789062
Frankfurt_1_2024-04-06,Frankfurt_1,2024-04-06,2135.49169921875,2125.485107421875,2096.94482421875,2021.3175,2094.809783935547,2116.21826171875
Frankfurt_1_2024-04-08,Frankfurt_1,2024-04-08,1872.124267578125,1782.50048828125,1838.3106689453125,1781.9712,1818.7266540527344,1855.2174682617188
Frankfurt_1_2024-04-09,Frankfurt_1,2024-04-09,1600.0374755859375,1599.100830078125,1598.038818359375,1606.0961,1600.8182983398438,1599.0381469726562
Frankfurt_1_2024-04-10,Frankfurt_1,2024-04-10,1606.2144775390625,1594.4354248046875,1608.50732421875,1602.1202,1602.8193664550781,1607.3609008789062
Frankfurt_1_2024-04-11,Frankfurt_1,2024-04-11,1618.8560791015625,1606.9271240234375,1622.5140380859375,1627.3362,1618.9083557128906,1620.68505859375
Frankfurt_1_2024-04-12,Frankfurt_1,2024-04-12,1944.927978515625,1893.129638671875,1930.89306640625,1882.8329,1912.9458923339844,1937.9105224609375
Frankfurt_1_2024-04-13,Frankfurt_1,2024-04-13,2117.10986328125,2040.5361328125,2076.517578125,2020.7743,2063.7344665527344,2096.813720703125
Frankfurt_1_2024-04-15,Frankfurt_1,2024-04-15,1909.838623046875,1778.041259765625,1892.118896484375,1790.4114,1842.6025390625,1900.978759765625
Frankfurt_1_2024-04-16,Frankfurt_1,2024-04-16,1625.314208984375,1607.4610595703125,1627.35302734375,1581.5533,1610.42041015625,1626.3336181640625
Frankfurt_1_2024-04-17,Frankfurt_1,2024-04-17,1604.0484619140625,1598.5252685546875,1617.688720703125,1575.1195,1598.8454895019531,1610.8685913085938
Frankfurt_1_2024-04-18,Frankfurt_1,2024-04-18,1612.570556640625,1608.3155517578125,1640.61083984375,1594.5063,1614.0008239746094,1626.5906982421875
Frankfurt_1_2024-04-19,Frankfurt_1,2024-04-19,1942.3359375,1828.142822265625,1948.5128173828125,1861.826,1895.2044067382812,1945.4243774414062
Frankfurt_1_2024-04-20,Frankfurt_1,2024-04-20,2153.973876953125,2015.04296875,2125.086669921875,2027.7585,2080.4655151367188,2139.5302734375
Frankfurt_1_2024-04-22,Frankfurt_1,2024-04-22,1896.0902099609375,1788.07861328125,1896.9100341796875,1791.9082,1843.2467651367188,1896.5001220703125
Frankfurt_1_2024-04-23,Frankfurt_1,2024-04-23,1609.5518798828125,1632.8099365234375,1633.834716796875,1578.933,1613.7823791503906,1621.6932983398438
Frankfurt_1_2024-04-24,Frankfurt_1,2024-04-24,1622.1075439453125,1629.8653564453125,1635.2430419921875,1570.7102,1614.4815368652344,1628.67529296875
Frankfurt_1_2024-04-25,Frankfurt_1,2024-04-25,1646.3201904296875,1647.5771484375,1668.12890625,1599.0569,1640.2707824707031,1657.2245483398438
Frankfurt_1_2024-04-26,Frankfurt_1,2024-04-26,1973.1859130859375,1893.4593505859375,1966.7657470703125,1892.9692,1931.5950622558594,1969.975830078125
Frankfurt_1_2024-04-27,Frankfurt_1,2024-04-27,2145.44677734375,2055.37451171875,2121.7744140625,2035.4763,2089.5180053710938,2133.610595703125
Frankfurt_1_2024-04-29,Frankfurt_1,2024-04-29,1897.63232421875,1796.9755859375,1938.384765625,1809.6532,1860.6614685058594,1918.008544921875
Frankfurt_1_2024-04-30,Frankfurt_1,2024-04-30,1631.0906982421875,1643.7135009765625,1695.07080078125,1622.3373,1648.0530700683594,1663.0807495117188
Frankfurt_1_2024-05-02,Frankfurt_1,2024-05-02,1659.32080078125,1643.3148193359375,1670.890869140625,1627.0193,1650.1364440917969,1665.1058349609375
Frankfurt_1_2024-05-03,Frankfurt_1,2024-05-03,1952.15966796875,1883.3260498046875,1946.72314453125,1899.7174,1920.4815673828125,1949.44140625
Frankfurt_1_2024-05-04,Frankfurt_1,2024-05-04,2123.46142578125,2017.658447265625,2116.142333984375,2011.3408,2067.1507568359375,2119.8018798828125
Frankfurt_1_2024-05-06,Frankfurt_1,2024-05-06,1883.64892578125,1821.876220703125,1897.4351806640625,1783.5718,1846.6330261230469,1890.5420532226562
Frankfurt_1_2024-05-07,Frankfurt_1,2024-05-07,1620.247802734375,1582.992919921875,1587.627685546875,1612.8495,1600.9294738769531,1603.937744140625
Frankfurt_1_2024-05-08,Frankfurt_1,2024-05-08,1607.556396484375,1592.487060546875,1585.5716552734375,1564.2014,1587.4541320800781,1596.5640258789062
Frankfurt_1_2024-05-10,Frankfurt_1,2024-05-10,1934.513427734375,1817.45361328125,1933.5699462890625,1889.457,1893.7485046386719,1934.0416870117188
Frankfurt_1_2024-05-11,Frankfurt_1,2024-05-11,2132.759521484375,2004.542724609375,2104.869873046875,2029.8395,2068.002899169922,2118.814697265625
Frankfurt_1_2024-05-13,Frankfurt_1,2024-05-13,1901.9625244140625,1821.672607421875,1922.1920166015625,1793.4768,1859.8259887695312,1912.0772705078125
Frankfurt_1_2024-05-14,Frankfurt_1,2024-05-14,1619.7371826171875,1602.419677734375,1606.034912109375,1585.3125,1603.3760681152344,1612.8860473632812
Frankfurt_1_2024-05-15,Frankfurt_1,2024-05-15,1644.065185546875,1597.723876953125,1630.25341796875,1583.1632,1613.8014221191406,1637.1593017578125
Munich_1_2024-03-16,Munich_1,2024-03-16,6903.06689453125,6866.0,6906.7216796875,6302.317,6744.5263671875,6904.894287109375
Munich_1_2024-03-18,Munich_1,2024-03-18,5841.0712890625,5840.8974609375,5860.173828125,5597.413,5784.888916015625,5850.62255859375
Munich_1_2024-03-19,Munich_1,2024-03-19,4766.09228515625,4719.8720703125,4730.22119140625,4493.7563,4677.4854736328125,4748.15673828125
Munich_1_2024-03-20,Munich_1,2024-03-20,4600.73291015625,4640.9033203125,4586.79736328125,4392.9697,4555.350830078125,4593.76513671875
Munich_1_2024-03-21,Munich_1,2024-03-21,4631.287109375,4658.3896484375,4656.75439453125,4446.7065,4598.284423828125,4644.020751953125
Munich_1_2024-03-22,Munich_1,2024-03-22,6499.9970703125,6424.58447265625,6526.6015625,6093.426,6386.1522216796875,6513.29931640625
Munich_1_2024-03-23,Munich_1,2024-03-23,6978.13916015625,6964.84423828125,7046.9931640625,6241.651,6807.9068603515625,7012.566162109375
Munich_1_2024-03-25,Munich_1,2024-03-25,5699.0234375,5523.1435546875,5646.47216796875,5508.5205,5594.2899169921875,5672.747802734375
Munich_1_2024-03-26,Munich_1,2024-03-26,4697.2890625,4826.595703125,4721.33056640625,4464.647,4677.465576171875,4709.309814453125
Munich_1_2024-03-27,Munich_1,2024-03-27,4548.2685546875,4677.3427734375,4579.380859375,4379.525,4546.1292724609375,4563.82470703125
Munich_1_2024-03-28,Munich_1,2024-03-28,4533.47607421875,4685.5966796875,4614.72216796875,4446.5195,4570.07861328125,4574.09912109375
Munich_1_2024-03-30,Munich_1,2024-03-30,6944.52001953125,6860.3056640625,6985.37060546875,6156.906,6736.7755126953125,6964.9453125
Munich_1_2024-04-02,Munich_1,2024-04-02,4755.66748046875,4790.18359375,4822.57177734375,4591.872,4740.07373046875,4789.11962890625
Munich_1_2024-04-03,Munich_1,2024-04-03,4575.39306640625,4719.279296875,4659.85791015625,4490.191,4611.1802978515625,4617.62548828125
Munich_1_2024-04-04,Munich_1,2024-04-04,4777.083984375,4722.88134765625,4709.56298828125,4565.7373,4693.81640625,4743.323486328125
Munich_1_2024-04-05,Munich_1,2024-04-05,6902.7353515625,6411.5009765625,6779.66455078125,6031.4663,6531.341796875,6841.199951171875
Munich_1_2024-04-06,Munich_1,2024-04-06,6803.111328125,6855.27734375,6786.2724609375,6186.5166,6657.79443359375,6794.69189453125
Munich_1_2024-04-08,Munich_1,2024-04-08,5186.81982421875,5091.4560546875,5116.2333984375,5477.955,5218.1160888671875,5151.526611328125
Munich_1_2024-04-09,Munich_1,2024-04-09,5012.1416015625,4656.95654296875,5011.365234375,4595.0083,4818.867919921875,5011.75341796875
Munich_1_2024-04-10,Munich_1,2024-04-10,5171.41064453125,4624.333984375,5090.49072265625,4532.3467,4854.6455078125,5130.95068359375
Munich_1_2024-04-11,Munich_1,2024-04-11,5178.3212890625,4653.3291015625,5009.13134765625,4571.392,4853.04345703125,5093.726318359375
Munich_1_2024-04-12,Munich_1,2024-04-12,6700.06982421875,6366.3125,6713.7294921875,6014.116,6448.5570068359375,6706.899658203125
Munich_1_2024-04-13,Munich_1,2024-04-13,7113.16064453125,6941.76513671875,7104.1806640625,6243.5474,6850.6634521484375,7108.670654296875
Munich_1_2024-04-15,Munich_1,2024-04-15,5235.46533203125,5152.248046875,5124.58203125,5557.107,5267.3505859375,5180.023681640625
Munich_1_2024-04-16,Munich_1,2024-04-16,5016.7412109375,4750.13232421875,4901.87158203125,4466.2266,4783.742919921875,4959.306396484375
Munich_1_2024-04-17,Munich_1,2024-04-17,5187.08349609375,4610.287109375,4869.212890625,4328.325,4748.7271728515625,5028.148193359375
Munich_1_2024-04-18,Munich_1,2024-04-18,4804.03662109375,4632.29296875,4814.865234375,4342.7354,4648.4825439453125,4809.450927734375
Munich_1_2024-04-19,Munich_1,2024-04-19,6577.66455078125,6419.7265625,6612.03271484375,5825.3066,6358.6826171875,6594.8486328125
Munich_1_2024-04-20,Munich_1,2024-04-20,7074.681640625,6918.25146484375,7042.68994140625,6064.3887,6775.0029296875,7058.685791015625
Munich_1_2024-04-22,Munich_1,2024-04-22,4918.8916015625,5090.6376953125,4920.60107421875,5520.3735,5112.6259765625,4919.746337890625
Munich_1_2024-04-23,Munich_1,2024-04-23,5416.490234375,4693.43505859375,5302.54931640625,4308.419,4930.223388671875,5359.519775390625
Munich_1_2024-04-24,Munich_1,2024-04-24,5197.63037109375,4604.759765625,4992.009765625,4252.244,4761.6610107421875,5094.820068359375
Munich_1_2024-04-25,Munich_1,2024-04-25,5168.0126953125,4608.30908203125,4966.603515625,4258.4375,4750.3406982421875,5067.30810546875
Munich_1_2024-04-26,Munich_1,2024-04-26,6653.96826171875,6208.50048828125,6624.689453125,5774.4517,6315.4024658203125,6639.328857421875
Munich_1_2024-04-27,Munich_1,2024-04-27,7076.90966796875,6742.21875,7128.4716796875,6003.5186,6737.7796630859375,7102.690673828125
Munich_1_2024-04-29,Munich_1,2024-04-29,5243.87548828125,5125.7626953125,5166.751953125,5466.952,5250.8355712890625,5205.313720703125
Munich_1_2024-04-30,Munich_1,2024-04-30,5200.39697265625,4775.88134765625,5015.56689453125,4334.6875,4831.6331787109375,5107.98193359375
Munich_1_2024-05-02,Munich_1,2024-05-02,5117.90673828125,4662.29736328125,5006.8759765625,4308.609,4773.9222412109375,5062.391357421875
Munich_1_2024-05-03,Munich_1,2024-05-03,6636.15625,6280.2978515625,6598.2021484375,5734.5586,6312.3037109375,6617.17919921875
Munich_1_2024-05-04,Munich_1,2024-05-04,7011.1455078125,6764.57373046875,6986.6328125,5938.3696,6675.180419921875,6998.88916015625
Munich_1_2024-05-06,Munich_1,2024-05-06,5100.91650390625,5047.74072265625,5062.833984375,5342.4414,5138.483154296875,5081.875244140625
Munich_1_2024-05-07,Munich_1,2024-05-07,4966.98486328125,4655.1064453125,4842.30810546875,4278.468,4685.716796875,4904.646484375
Munich_1_2024-05-08,Munich_1,2024-05-08,5183.24951171875,4570.04296875,4790.84814453125,4215.6226,4689.9407958984375,4987.048828125
Munich_1_2024-05-10,Munich_1,2024-05-10,6575.68798828125,6361.373046875,6482.84130859375,5862.2783,6320.545166015625,6529.2646484375
Munich_1_2024-05-11,Munich_1,2024-05-11,7092.97900390625,6917.03369140625,7068.19873046875,6032.1123,6777.5809326171875,7080.5888671875
Munich_1_2024-05-13,Munich_1,2024-05-13,5356.99365234375,5109.86279296875,5208.49560546875,5476.4536,5287.951416015625,5282.74462890625
Munich_1_2024-05-14,Munich_1,2024-05-14,5101.10546875,4682.62353515625,4941.67236328125,4310.262,4758.9158935546875,5021.388916015625
Munich_1_2024-05-15,Munich_1,2024-05-15,5087.51953125,4582.15625,4873.0810546875,4256.6646,4699.8553466796875,4980.30029296875
Prague_1_2024-03-16,Prague_1,2024-03-16,10390.55078125,10513.0927734375,10411.96484375,10245.433,10390.26025390625,10401.2578125
Prague_1_2024-03-17,Prague_1,2024-03-17,9915.7080078125,10319.076171875,10114.841796875,10120.016,10117.410400390625,10015.27490234375
Prague_1_2024-03-18,Prague_1,2024-03-18,9728.9921875,9992.599609375,9862.974609375,9663.982,9812.13720703125,9795.9833984375
Prague_1_2024-03-19,Prague_1,2024-03-19,9705.10546875,9838.390625,9610.2919921875,9456.605,9652.598388671875,9657.69873046875
Prague_1_2024-03-20,Prague_1,2024-03-20,9574.474609375,9606.4970703125,9403.5185546875,9438.363,9505.71337890625,9488.99658203125
Prague_1_2024-03-21,Prague_1,2024-03-21,9901.38671875,10162.9443359375,9805.2412109375,9702.083,9892.913818359375,9853.31396484375
Prague_1_2024-03-22,Prague_1,2024-03-22,11515.07421875,12214.1748046875,11577.849609375,11510.668,11704.441650390625,11546.4619140625
Prague_1_2024-03-23,Prague_1,2024-03-23,10286.2421875,10908.37890625,10246.0751953125,10170.014,10402.677490234375,10266.15869140625
Prague_1_2024-03-24,Prague_1,2024-03-24,10001.333984375,10076.4091796875,10104.359375,10012.753,10048.7138671875,10052.8466796875
Prague_1_2024-03-25,Prague_1,2024-03-25,9610.5712890625,9853.396484375,9796.7900390625,9560.1,9705.21435546875,9703.6806640625
Prague_1_2024-03-26,Prague_1,2024-03-26,9636.7666015625,9576.0400390625,9564.84765625,9331.593,9527.311767578125,9600.80712890625
Prague_1_2024-03-27,Prague_1,2024-03-27,9596.3017578125,9426.8994140625,9495.3603515625,9267.855,9446.604248046875,9545.8310546875
Prague_1_2024-03-28,Prague_1,2024-03-28,9811.0771484375,9965.1435546875,9728.796875,9560.336,9766.33837890625,9769.93701171875
Prague_1_2024-03-29,Prague_1,2024-03-29,10744.349609375,10865.5966796875,10760.306640625,11028.035,10849.572021484375,10752.328125
Prague_1_2024-03-30,Prague_1,2024-03-30,9560.3916015625,9401.9541015625,9355.6376953125,9791.949,9527.483154296875,9458.0146484375
Prague_1_2024-03-31,Prague_1,2024-03-31,9284.916015625,9424.724609375,9390.609375,9662.473,9440.6806640625,9337.7626953125
Prague_1_2024-04-01,Prague_1,2024-04-01,9519.5244140625,9051.8115234375,9505.708984375,8120.312,9049.339233398438,9512.61669921875
Prague_1_2024-04-02,Prague_1,2024-04-02,9425.138671875,9189.046875,9462.1220703125,9384.687,9365.24853515625,9443.63037109375
Prague_1_2024-04-03,Prague_1,2024-04-03,9609.8154296875,9222.185546875,9550.10546875,9406.631,9447.184326171875,9579.96044921875
Prague_1_2024-04-04,Prague_1,2024-04-04,9952.1572265625,9852.1005859375,10032.90625,9680.327,9879.372802734375,9992.53173828125
Prague_1_2024-04-05,Prague_1,2024-04-05,12875.2216796875,10519.169921875,12331.9619140625,11483.314,11802.4169921875,12603.591796875
Prague_1_2024-04-06,Prague_1,2024-04-06,11016.7548828125,9590.1005859375,10565.5947265625,10037.252,10302.425537109375,10791.1748046875
Prague_1_2024-04-07,Prague_1,2024-04-07,9626.4404296875,9639.0478515625,9479.654296875,9923.05,9667.048095703125,9553.04736328125
Prague_1_2024-04-08,Prague_1,2024-04-08,9427.380859375,9346.005859375,9466.6591796875,9682.891,9480.734130859375,9447.02001953125
Prague_1_2024-04-09,Prague_1,2024-04-09,9348.38671875,9195.3857421875,9425.615234375,9575.617,9386.251220703125,9387.0009765625
Prague_1_2024-04-10,Prague_1,2024-04-10,9742.943359375,9200.1865234375,9652.375,9592.076,9546.895263671875,9697.6591796875
Prague_1_2024-04-11,Prague_1,2024-04-11,9826.9580078125,9818.625,9834.4638671875,9904.293,9846.0849609375,9830.7109375
Prague_1_2024-04-12,Prague_1,2024-04-12,11521.4130859375,10486.1728515625,11433.4189453125,11559.522,11250.1318359375,11477.416015625
Prague_1_2024-04-13,Prague_1,2024-04-13,11057.3701171875,9661.47265625,10366.564453125,10164.236,10312.410888671875,10711.96728515625
Prague_1_2024-04-14,Prague_1,2024-04-14,10176.19921875,9711.720703125,9671.064453125,10067.188,9906.543212890625,9923.6318359375
Prague_1_2024-04-15,Prague_1,2024-04-15,9588.3779296875,9515.4208984375,9601.6435546875,9702.147,9601.8974609375,9595.0107421875
Prague_1_2024-04-16,Prague_1,2024-04-16,9632.7490234375,9305.2841796875,9530.115234375,9479.162,9486.82763671875,9581.43212890625
Prague_1_2024-04-17,Prague_1,2024-04-17,9703.923828125,9124.1796875,9484.5185546875,9450.099,9440.68017578125,9594.22119140625
Prague_1_2024-04-18,Prague_1,2024-04-18,9981.6474609375,9608.44921875,9867.552734375,9718.482,9794.032958984375,9924.60009765625
Prague_1_2024-04-19,Prague_1,2024-04-19,11565.736328125,10310.4716796875,11304.9287109375,11459.365,11160.12548828125,11435.33251953125
Prague_1_2024-04-20,Prague_1,2024-04-20,11061.259765625,9484.853515625,10106.7978515625,10006.891,10164.950439453125,10584.02880859375
Prague_1_2024-04-21,Prague_1,2024-04-21,9966.7509765625,9594.634765625,9538.076171875,9920.471,9754.983154296875,9752.41357421875
Prague_1_2024-04-22,Prague_1,2024-04-22,9716.3779296875,9500.7958984375,9562.7998046875,9572.242,9588.053955078125,9639.5888671875
Prague_1_2024-04-23,Prague_1,2024-04-23,9609.4541015625,9314.890625,9449.8857421875,9291.516,9416.4365234375,9529.669921875
Prague_1_2024-04-24,Prague_1,2024-04-24,9488.49609375,9100.6044921875,9375.234375,9249.27,9303.401123046875,9431.865234375
Prague_1_2024-04-25,Prague_1,2024-04-25,9913.1484375,9524.4814453125,9774.3408203125,9521.061,9683.2578125,9843.74462890625
Prague_1_2024-04-26,Prague_1,2024-04-26,11296.0,10266.8642578125,11079.64453125,11373.034,11003.8857421875,11187.822265625
Prague_1_2024-04-27,Prague_1,2024-04-27,10898.6611328125,9441.1318359375,9803.2822265625,9924.826,10016.975341796875,10350.9716796875
Prague_1_2024-04-28,Prague_1,2024-04-28,10110.7646484375,9598.826171875,9685.4306640625,9790.533,9796.388671875,9898.09765625
Prague_1_2024-04-29,Prague_1,2024-04-29,9376.154296875,9498.345703125,9481.609375,9431.262,9446.8427734375,9428.8818359375
Prague_1_2024-04-30,Prague_1,2024-04-30,9387.9052734375,9335.7138671875,9417.384765625,9177.738,9329.685546875,9402.64501953125
Prague_1_2024-05-01,Prague_1,2024-05-01,9254.48828125,8447.123046875,9052.0986328125,8558.305,8828.003662109375,9153.29345703125
Prague_1_2024-05-02,Prague_1,2024-05-02,9886.0634765625,9173.9072265625,9725.2041015625,9449.639,9558.703369140625,9805.6337890625
Prague_1_2024-05-03,Prague_1,2024-05-03,11317.9814453125,10156.001953125,11174.3115234375,11332.209,10995.1259765625,11246.146484375
Prague_1_2024-05-04,Prague_1,2024-05-04,10383.552734375,9209.64453125,9828.19140625,9935.177,9839.141357421875,10105.8720703125
Prague_1_2024-05-05,Prague_1,2024-05-05,9918.4892578125,9299.7470703125,9555.556640625,9845.354,9654.78662109375,9737.02294921875
Prague_1_2024-05-06,Prague_1,2024-05-06,9361.189453125,9220.9931640625,9417.6240234375,9453.75,9363.38916015625,9389.40673828125
Prague_1_2024-05-07,Prague_1,2024-05-07,9506.4072265625,8874.3466796875,9603.96484375,9352.785,9334.3759765625,9555.18603515625
Prague_1_2024-05-08,Prague_1,2024-05-08,9556.0390625,9027.451171875,9580.15625,9561.436,9431.2705078125,9568.09765625
Prague_1_2024-05-09,Prague_1,2024-05-09,10113.28515625,9222.021484375,9866.5361328125,9685.553,9721.848876953125,9989.91064453125
Prague_1_2024-05-10,Prague_1,2024-05-10,11540.916015625,10178.05078125,11254.4765625,11461.703,11108.78662109375,11397.6962890625
Prague_1_2024-05-11,Prague_1,2024-05-11,10313.2451171875,8977.3271484375,9836.541015625,10053.913,9795.256591796875,10074.89306640625
Prague_1_2024-05-12,Prague_1,2024-05-12,10133.630859375,8884.8076171875,9700.1806640625,9964.09,9670.67724609375,9916.90576171875
Prague_1_2024-05-13,Prague_1,2024-05-13,9742.04296875,8937.08203125,9569.400390625,9694.526,9485.762939453125,9655.7216796875
Prague_1_2024-05-14,Prague_1,2024-05-14,9713.658203125,8652.1328125,9507.0908203125,9414.479,9321.840087890625,9610.37451171875
Prague_1_2024-05-15,Prague_1,2024-05-15,9666.7802734375,8601.400390625,9428.4052734375,9436.987,9283.393310546875,9547.5927734375
Prague_2_2024-03-16,Prague_2,2024-03-16,6294.25927734375,6228.01416015625,6297.00439453125,6174.957,6248.5587158203125,6295.6318359375
Prague_2_2024-03-17,Prague_2,2024-03-17,6091.3916015625,6083.0517578125,6012.42919921875,6073.989,6065.21533203125,6051.910400390625
Prague_2_2024-03-18,Prague_2,2024-03-18,5695.13818359375,5736.06103515625,5703.4853515625,5619.299,5688.495849609375,5699.311767578125
Prague_2_2024-03-19,Prague_2,2024-03-19,5640.43359375,5729.67333984375,5601.51806640625,5589.6543,5640.31982421875,5620.975830078125
Prague_2_2024-03-20,Prague_2,2024-03-20,5675.314453125,5755.7646484375,5544.29248046875,5586.392,5640.44091796875,5609.803466796875
Prague_2_2024-03-21,Prague_2,2024-03-21,5808.47802734375,6006.7841796875,5797.111328125,5707.5386,5829.97802734375,5802.794677734375
Prague_2_2024-03-22,Prague_2,2024-03-22,7045.9912109375,7253.2412109375,7011.37744140625,6952.4355,7065.7613525390625,7028.684326171875
Prague_2_2024-03-23,Prague_2,2024-03-23,6088.75390625,6278.1005859375,6102.9482421875,6118.094,6146.9742431640625,6095.85107421875
Prague_2_2024-03-24,Prague_2,2024-03-24,6006.67626953125,6066.5234375,5879.888671875,6010.708,5990.9490966796875,5943.282470703125
Prague_2_2024-03-25,Prague_2,2024-03-25,5694.796875,5654.33349609375,5572.38818359375,5554.5176,5619.009033203125,5633.592529296875
Prague_2_2024-03-26,Prague_2,2024-03-26,5604.7265625,5603.65234375,5527.0234375,5500.719,5559.0303955078125,5565.875
Prague_2_2024-03-27,Prague_2,2024-03-27,5563.39306640625,5613.11474609375,5489.93408203125,5471.0405,5534.37060546875,5526.66357421875
Prague_2_2024-03-28,Prague_2,2024-03-28,5656.8212890625,5906.15380859375,5662.05322265625,5644.237,5717.3162841796875,5659.437255859375
Prague_2_2024-03-29,Prague_2,2024-03-29,6662.345703125,6465.8466796875,6618.6806640625,6626.218,6593.272705078125,6640.51318359375
Prague_2_2024-03-30,Prague_2,2024-03-30,5831.29736328125,5601.0283203125,5740.0478515625,5803.1143,5743.8719482421875,5785.672607421875
Prague_2_2024-03-31,Prague_2,2024-03-31,5683.3134765625,5496.67236328125,5507.76123046875,5712.0117,5599.939697265625,5595.537353515625
Prague_2_2024-04-01,Prague_2,2024-04-01,5752.888671875,5326.25244140625,5512.32958984375,5147.002,5434.6181640625,5632.609130859375
Prague_2_2024-04-02,Prague_2,2024-04-02,5596.33251953125,5349.66748046875,5444.1650390625,5522.7637,5478.232177734375,5520.248779296875
Prague_2_2024-04-03,Prague_2,2024-04-03,5517.9833984375,5490.001953125,5425.08935546875,5563.5864,5499.165283203125,5471.536376953125
Prague_2_2024-04-04,Prague_2,2024-04-04,5712.69189453125,5821.4091796875,5708.4853515625,5815.4795,5764.5164794921875,5710.588623046875
Prague_2_2024-04-05,Prague_2,2024-04-05,7217.70068359375,6513.46923828125,6896.01953125,6986.4893,6903.419677734375,7056.860107421875
Prague_2_2024-04-06,Prague_2,2024-04-06,5947.8818359375,5743.08837890625,5908.2177734375,6114.415,5928.4007568359375,5928.0498046875
Prague_2_2024-04-07,Prague_2,2024-04-07,5824.6083984375,5673.51611328125,5708.08935546875,6018.795,5806.252197265625,5766.348876953125
Prague_2_2024-04-08,Prague_2,2024-04-08,5737.9619140625,5429.0869140625,5548.53955078125,5581.177,5574.1912841796875,5643.250732421875
Prague_2_2024-04-09,Prague_2,2024-04-09,5713.71728515625,5334.42333984375,5492.94384765625,5628.121,5542.3013916015625,5603.33056640625
Prague_2_2024-04-10,Prague_2,2024-04-10,5754.4365234375,5403.15966796875,5525.67431640625,5671.3228,5588.6483154296875,5640.055419921875
Prague_2_2024-04-11,Prague_2,2024-04-11,5797.2060546875,5742.64453125,5737.40185546875,5907.4575,5796.177490234375,5767.303955078125
Prague_2_2024-04-12,Prague_2,2024-04-12,7026.89453125,6535.94287109375,6713.5205078125,6993.03,6817.346923828125,6870.20751953125
Prague_2_2024-04-13,Prague_2,2024-04-13,6067.84130859375,5749.63232421875,5997.1162109375,6137.8936,5988.120849609375,6032.478759765625
Prague_2_2024-04-14,Prague_2,2024-04-14,5872.09228515625,5675.96826171875,5753.734375,6035.569,5834.3409423828125,5812.913330078125
Prague_2_2024-04-15,Prague_2,2024-04-15,5734.765625,5487.91748046875,5590.7763671875,5611.7866,5606.3115234375,5662.77099609375
Prague_2_2024-04-16,Prague_2,2024-04-16,5707.79736328125,5345.20458984375,5499.08251953125,5574.7383,5531.7056884765625,5603.43994140625
Prague_2_2024-04-17,Prague_2,2024-04-17,5743.79931640625,5437.34814453125,5530.8876953125,5614.8574,5581.72314453125,5637.343505859375
Prague_2_2024-04-18,Prague_2,2024-04-18,5795.99658203125,5641.9365234375,5730.90380859375,5763.213,5733.012451171875,5763.4501953125
Prague_2_2024-04-19,Prague_2,2024-04-19,7072.158203125,6450.6728515625,6658.14208984375,6918.345,6774.82958984375,6865.150146484375
Prague_2_2024-04-20,Prague_2,2024-04-20,6117.0244140625,5714.6328125,5990.3984375,6084.043,5976.524658203125,6053.71142578125
Prague_2_2024-04-21,Prague_2,2024-04-21,5843.5830078125,5613.666015625,5693.6103515625,5983.113,5783.4930419921875,5768.5966796875
Prague_2_2024-04-22,Prague_2,2024-04-22,5716.767578125,5448.857421875,5651.4423828125,5565.369,5595.609130859375,5684.10498046875
Prague_2_2024-04-23,Prague_2,2024-04-23,5671.92822265625,5317.30419921875,5520.6298828125,5512.8364,5505.6746826171875,5596.279052734375
Prague_2_2024-04-24,Prague_2,2024-04-24,5680.64697265625,5303.63037109375,5487.853515625,5507.512,5494.9107666015625,5584.250244140625
Prague_2_2024-04-25,Prague_2,2024-04-25,5757.00732421875,5533.90478515625,5682.72509765625,5643.4253,5654.265625,5719.8662109375
Prague_2_2024-04-26,Prague_2,2024-04-26,6955.6748046875,6440.43701171875,6487.5595703125,6880.5034,6691.043701171875,6721.6171875
Prague_2_2024-04-27,Prague_2,2024-04-27,6195.55712890625,5600.162109375,6122.0029296875,6027.4116,5986.283447265625,6158.780029296875
Prague_2_2024-04-28,Prague_2,2024-04-28,5836.77587890625,5411.09814453125,5662.31689453125,5928.2334,5709.6060791015625,5749.54638671875
Prague_2_2024-04-29,Prague_2,2024-04-29,5643.94580078125,5352.9609375,5498.2646484375,5475.5015,5492.668212890625,5571.105224609375
Prague_2_2024-04-30,Prague_2,2024-04-30,5589.58447265625,5271.2880859375,5384.57568359375,5424.1772,5417.4063720703125,5487.080078125
Prague_2_2024-05-01,Prague_2,2024-05-01,5467.31201171875,5078.2001953125,5436.81591796875,5190.805,5293.2833251953125,5452.06396484375
Prague_2_2024-05-02,Prague_2,2024-05-02,5704.24755859375,5326.28369140625,5690.4755859375,5592.519,5578.3814697265625,5697.361572265625
Prague_2_2024-05-03,Prague_2,2024-05-03,6853.15576171875,6330.6884765625,6486.72265625,6894.137,6641.176025390625,6669.939208984375
Prague_2_2024-05-04,Prague_2,2024-05-04,6197.099609375,5518.5791015625,6161.8896484375,6059.0137,5984.1455078125,6179.49462890625
Prague_2_2024-05-05,Prague_2,2024-05-05,5848.69580078125,5438.54443359375,5739.72509765625,5963.996,5747.7403564453125,5794.21044921875
Prague_2_2024-05-06,Prague_2,2024-05-06,5647.17578125,5299.57080078125,5502.4482421875,5481.365,5482.6400146484375,5574.81201171875
Prague_2_2024-05-07,Prague_2,2024-05-07,5741.20947265625,5198.72900390625,5580.96337890625,5519.743,5510.1612548828125,5661.08642578125
Prague_2_2024-05-08,Prague_2,2024-05-08,5904.9697265625,5586.6318359375,5750.908203125,5894.939,5784.3621826171875,5827.93896484375
Prague_2_2024-05-09,Prague_2,2024-05-09,5833.3681640625,5537.59619140625,5778.9091796875,5698.335,5712.0521240234375,5806.138671875
Prague_2_2024-05-10,Prague_2,2024-05-10,7061.51123046875,6329.810546875,6468.89453125,6928.4756,6697.1729736328125,6765.202880859375
Prague_2_2024-05-11,Prague_2,2024-05-11,6235.19189453125,5603.03271484375,6118.35595703125,6092.7266,6012.3267822265625,6176.77392578125
Prague_2_2024-05-12,Prague_2,2024-05-12,5871.02587890625,5479.12890625,5704.53125,6003.618,5764.5760498046875,5787.778564453125
Prague_2_2024-05-13,Prague_2,2024-05-13,5798.14794921875,5325.0048828125,5675.1728515625,5600.4985,5599.7060546875,5736.660400390625
Prague_2_2024-05-14,Prague_2,2024-05-14,5769.68017578125,5213.06884765625,5630.2255859375,5549.368,5540.585693359375,5699.952880859375
Prague_2_2024-05-15,Prague_2,2024-05-15,5820.96044921875,5326.00244140625,5670.2529296875,5571.128,5597.0859375,5745.606689453125
Prague_3_2024-03-16,Prague_3,2024-03-16,5579.7451171875,5581.724609375,5569.09521484375,5598.608,5582.293212890625,5574.420166015625
Prague_3_2024-03-17,Prague_3,2024-03-17,5249.67236328125,5350.96728515625,5352.4814453125,5409.226,5340.5867919921875,5301.076904296875
Prague_3_2024-03-18,Prague_3,2024-03-18,5227.20458984375,5128.41162109375,5185.234375,5073.3,5153.53759765625,5206.219482421875
Prague_3_2024-03-19,Prague_3,2024-03-19,5063.4990234375,5020.3544921875,5079.431640625,5001.5503,5041.2088623046875,5071.46533203125
Prague_3_2024-03-20,Prague_3,2024-03-20,5019.84228515625,4996.810546875,4995.76220703125,4996.609,5002.2559814453125,5007.80224609375
Prague_3_2024-03-21,Prague_3,2024-03-21,5189.435546875,5199.8681640625,5143.716796875,5136.148,5167.2921142578125,5166.576171875
Prague_3_2024-03-22,Prague_3,2024-03-22,6222.03857421875,6351.38916015625,6119.12060546875,6162.035,6213.6458740234375,6170.57958984375
Prague_3_2024-03-23,Prague_3,2024-03-23,5476.931640625,5569.90576171875,5562.82421875,5562.2734,5542.9837646484375,5519.8779296875
Prague_3_2024-03-24,Prague_3,2024-03-24,5234.9951171875,5309.64599609375,5326.3408203125,5388.442,5314.85595703125,5280.66796875
Prague_3_2024-03-25,Prague_3,2024-03-25,5147.361328125,5137.34716796875,5146.72216796875,5037.9736,5117.35107421875,5147.041748046875
Prague_3_2024-03-26,Prague_3,2024-03-26,5025.4931640625,5003.408203125,5041.32373046875,4958.002,5007.0567626953125,5033.408447265625
Prague_3_2024-03-27,Prague_3,2024-03-27,5053.734375,4988.9248046875,4985.05419921875,4957.036,4996.1873779296875,5019.394287109375
Prague_3_2024-03-28,Prague_3,2024-03-28,5188.1787109375,5161.15625,5144.06201171875,5088.0166,5145.3533935546875,5166.120361328125
Prague_3_2024-03-29,Prague_3,2024-03-29,5839.2099609375,5691.50341796875,5813.98193359375,5817.0273,5790.4306640625,5826.595947265625
Prague_3_2024-03-30,Prague_3,2024-03-30,5138.42626953125,4950.81396484375,5301.9326171875,5146.896,5134.5172119140625,5220.179443359375
Prague_3_2024-03-31,Prague_3,2024-03-31,4893.38525390625,4762.16943359375,4997.2177734375,4977.817,4907.6473388671875,4945.301513671875
Prague_3_2024-04-01,Prague_3,2024-04-01,4786.16650390625,4690.81640625,4865.8154296875,4490.134,4708.2330322265625,4825.990966796875
Prague_3_2024-04-02,Prague_3,2024-04-02,4839.6494140625,4627.4375,4926.8447265625,4970.7627,4841.173583984375,4883.2470703125
Prague_3_2024-04-03,Prague_3,2024-04-03,4853.64404296875,4626.658203125,5002.5537109375,4982.775,4866.40771484375,4928.098876953125
Prague_3_2024-04-04,Prague_3,2024-04-04,5208.0048828125,4909.23974609375,5274.2568359375,5189.14,5145.160400390625,5241.130859375
Prague_3_2024-04-05,Prague_3,2024-04-05,6354.5625,5675.458984375,6441.52294921875,6188.5713,6165.0289306640625,6398.042724609375
Prague_3_2024-04-06,Prague_3,2024-04-06,5347.77197265625,4961.3994140625,5481.14990234375,5533.286,5330.90185546875,5414.4609375
Prague_3_2024-04-07,Prague_3,2024-04-07,5230.0966796875,4826.57275390625,5158.181640625,5320.249,5133.7750244140625,5194.13916015625
Prague_3_2024-04-08,Prague_3,2024-04-08,5122.8896484375,4726.90673828125,5005.87939453125,5081.336,4984.2529296875,5064.384521484375
Prague_3_2024-04-09,Prague_3,2024-04-09,5085.02294921875,4642.21337890625,5008.982421875,5041.759,4944.494384765625,5047.002685546875
Prague_3_2024-04-10,Prague_3,2024-04-10,5197.8173828125,4653.0673828125,5161.65283203125,5055.982,5017.1298828125,5179.735107421875
Prague_3_2024-04-11,Prague_3,2024-04-11,5248.04248046875,4863.6376953125,5205.802734375,5280.1895,5149.4180908203125,5226.922607421875
Prague_3_2024-04-12,Prague_3,2024-04-12,6257.44677734375,5647.384765625,6144.04541015625,6212.148,6065.2562255859375,6200.74609375
Prague_3_2024-04-13,Prague_3,2024-04-13,5715.27880859375,4925.7431640625,5773.73291015625,5576.8564,5497.90283203125,5744.505859375
Prague_3_2024-04-14,Prague_3,2024-04-14,5460.72607421875,4851.1650390625,5585.44970703125,5378.5205,5318.96533203125,5523.087890625
Prague_3_2024-04-15,Prague_3,2024-04-15,5118.169921875,4730.3232421875,5136.76708984375,5069.3047,5013.6412353515625,5127.468505859375
Prague_3_2024-04-16,Prague_3,2024-04-16,5090.85888671875,4628.68017578125,5055.7109375,4992.9355,4942.04638671875,5073.284912109375
Prague_3_2024-04-17,Prague_3,2024-04-17,5100.26611328125,4624.30615234375,5112.8056640625,4994.044,4957.85546875,5106.535888671875
Prague_3_2024-04-18,Prague_3,2024-04-18,5216.5263671875,4831.24951171875,5193.31005859375,5150.4224,5097.8770751953125,5204.918212890625
Prague_3_2024-04-19,Prague_3,2024-04-19,6272.81103515625,5630.5712890625,6175.763671875,6168.8564,6062.0006103515625,6224.287353515625
Prague_3_2024-04-20,Prague_3,2024-04-20,5615.90087890625,4905.95703125,5615.72900390625,5511.215,5412.200439453125,5615.81494140625
Prague_3_2024-04-21,Prague_3,2024-04-21,5268.49169921875,4828.10400390625,5326.06005859375,5326.7227,5187.3446044921875,5297.27587890625
Prague_3_2024-04-22,Prague_3,2024-04-22,5122.06494140625,4714.625,5176.982421875,5010.294,5005.9915771484375,5149.523681640625
Prague_3_2024-04-23,Prague_3,2024-04-23,5060.2900390625,4612.9111328125,5125.09716796875,4931.1147,4932.353271484375,5092.693603515625
Prague_3_2024-04-24,Prague_3,2024-04-24,5093.62255859375,4621.041015625,5090.2763671875,4948.188,4938.281982421875,5091.949462890625
Prague_3_2024-04-25,Prague_3,2024-04-25,5229.59521484375,4826.9619140625,5203.47119140625,5077.7915,5084.4549560546875,5216.533203125
Prague_3_2024-04-26,Prague_3,2024-04-26,6137.47314453125,5614.3125,6101.2470703125,6149.752,6000.6961669921875,6119.360107421875
Prague_3_2024-04-27,Prague_3,2024-04-27,5615.55810546875,4916.7177734375,5653.45751953125,5475.451,5415.296142578125,5634.5078125
Prague_3_2024-04-28,Prague_3,2024-04-28,5296.24462890625,4807.35986328125,5344.34765625,5291.666,5184.904541015625,5320.296142578125
Prague_3_2024-04-29,Prague_3,2024-04-29,5088.67041015625,4728.8818359375,5107.80908203125,4982.5444,4976.9764404296875,5098.23974609375
Prague_3_2024-04-30,Prague_3,2024-04-30,4997.4150390625,4609.12353515625,5021.36083984375,4919.505,4886.85107421875,5009.387939453125
Prague_3_2024-05-01,Prague_3,2024-05-01,4848.86962890625,4367.88720703125,4886.216796875,4702.906,4701.4698486328125,4867.543212890625
Prague_3_2024-05-02,Prague_3,2024-05-02,5138.09375,4786.9521484375,5123.607421875,5023.9453,5018.149658203125,5130.8505859375
Prague_3_2024-05-03,Prague_3,2024-05-03,6173.64697265625,5612.57177734375,6070.1767578125,6156.1396,6003.1337890625,6121.911865234375
Prague_3_2024-05-04,Prague_3,2024-05-04,5513.23486328125,4903.3564453125,5537.81005859375,5464.878,5354.81982421875,5525.5224609375
Prague_3_2024-05-05,Prague_3,2024-05-05,5240.4501953125,4837.98974609375,5302.8544921875,5273.0347,5163.582275390625,5271.65234375
Prague_3_2024-05-06,Prague_3,2024-05-06,5038.28173828125,4733.12451171875,5074.7431640625,4942.8066,4947.239013671875,5056.512451171875
Prague_3_2024-05-07,Prague_3,2024-05-07,5292.50341796875,4622.74609375,5348.37744140625,4931.0903,5048.6793212890625,5320.4404296875
Prague_3_2024-05-08,Prague_3,2024-05-08,5405.0234375,5040.1611328125,5466.47412109375,5267.894,5294.88818359375,5435.748779296875
Prague_3_2024-05-09,Prague_3,2024-05-09,5257.0751953125,4988.77685546875,5259.5703125,5102.2676,5151.9224853515625,5258.32275390625
Prague_3_2024-05-10,Prague_3,2024-05-10,6277.1904296875,5659.22509765625,6203.8203125,6180.291,6080.1317138671875,6240.50537109375
Prague_3_2024-05-11,Prague_3,2024-05-11,5714.4619140625,4920.34130859375,5728.42041015625,5516.5244,5469.93701171875,5721.441162109375
Prague_3_2024-05-12,Prague_3,2024-05-12,5484.27490234375,4832.43310546875,5483.84326171875,5339.227,5284.944580078125,5484.05908203125
Prague_3_2024-05-13,Prague_3,2024-05-13,5360.880859375,4780.02783203125,5362.99560546875,5064.5215,5142.1064453125,5361.938232421875
Prague_3_2024-05-14,Prague_3,2024-05-14,5184.76416015625,4731.53857421875,5224.7880859375,4983.534,5031.15625,5204.776123046875
Prague_3_2024-05-15,Prague_3,2024-05-15,5178.68115234375,4702.40625,5299.30810546875,4994.302,5043.67431640625,5238.99462890625
